[
    {
        "id": 1,
        "name": "Banány",
        "available": true,
        "subcategoryId": 1,
        "price": 25.90,
        "discount": 5,
        "supplier": "FruitCo",
        "stock": 120,
        "imagePath": "/imgs/products/banany.png",
        "description": "Lorem ipsum dolor sit!"
    },
    {
        "id": 2,
        "name": "Pomeranče",
        "available": true,
        "subcategoryId": 2,
        "price": 30.50,
        "discount": 10,
        "supplier": "CitrusFarm",
        "stock": 150,
        "imagePath": "/imgs/products/pomerance.png",
        "description": "Lorem ipsum dolor sit!"
    },
    {
        "id": 3,
        "name": "Jabko",
        "available": true,
        "subcategoryId": 3,
        "price": 20.00,
        "discount": 0,
        "supplier": "AppleOrchard",
        "stock": 200,
        "imagePath": "/imgs/favicons/def-img.png",
        "description": "Lorem ipsum dolor sit!"
    },
    {
        "id": 4,
        "name": "Hrozny",
        "available": true,
        "subcategoryId": 4,
        "price": 40.00,
        "discount": 5,
        "supplier": "GrapeWorld",
        "stock": 80,
        "imagePath": "/imgs/products/hrozny.png",
        "description": "Lorem ipsum dolor sit!"
    },
    {
        "id": 5,
        "name": "Jahody",
        "available": true,
        "subcategoryId": 5,
        "price": 45.00,
        "discount": 0,
        "supplier": "BerryFarm",
        "stock": 60,
        "imagePath": "/imgs/favicons/def-img.png",
        "description": "Lorem ipsum dolor sit!"
    },
    {
        "id": 6,
        "name": "Broskve",
        "available": true,
        "subcategoryId": 6,
        "price": 35.00,
        "discount": 0,
        "supplier": "PeachParadise",
        "stock": 70,
        "imagePath": "/imgs/favicons/def-img.png",
        "description": "Lorem ipsum dolor sit!"
    },
    {
        "id": 7,
        "name": "Vlašské ořechy",
        "available": true,
        "subcategoryId": 7,
        "price": 150.00,
        "discount": 0,
        "supplier": "NutCompany",
        "stock": 50,
        "imagePath": "/imgs/favicons/def-img.png",
        "description": "Lorem ipsum dolor sit!"
    },
    {
        "id": 8,
        "name": "Rajčata",
        "available": true,
        "subcategoryId": 8,
        "price": 30.00,
        "discount": 0,
        "supplier": "TomatoFarm",
        "stock": 100,
        "imagePath": "/imgs/favicons/def-img.png",
        "description": "Lorem ipsum dolor sit!"
    },
    {
        "id": 9,
        "name": "Mrkev",
        "available": true,
        "subcategoryId": 9,
        "price": 25.00,
        "discount": 0,
        "supplier": "CarrotField",
        "stock": 90,
        "imagePath": "/imgs/favicons/def-img.png",
        "description": "Lorem ipsum dolor sit!"
    },
    {
        "id": 10,
        "name": "Okurka",
        "available": true,
        "subcategoryId": 10,
        "price": 20.00,
        "discount": 0,
        "supplier": "CucumberFarm",
        "stock": 110,
        "imagePath": "/imgs/favicons/def-img.png",
        "description": "Lorem ipsum dolor sit!"
    },
    {
        "id": 11,
        "name": "Cibule",
        "available": true,
        "subcategoryId": 11,
        "price": 15.00,
        "discount": 0,
        "supplier": "OnionField",
        "stock": 130,
        "imagePath": "/imgs/favicons/def-img.png",
        "description": "Lorem ipsum dolor sit!"
    },
    {
        "id": 12,
        "name": "Brambory",
        "available": true,
        "subcategoryId": 13,
        "price": 22.00,
        "discount": 0,
        "supplier": "PotatoFarm",
        "stock": 140,
        "imagePath": "/imgs/favicons/def-img.png",
        "description": "Lorem ipsum dolor sit!"
    },
    {
        "id": 13,
        "name": "Salát",
        "available": true,
        "subcategoryId": 14,
        "price": 18.00,
        "discount": 0,
        "supplier": "SaladGarden",
        "stock": 80,
        "imagePath": "/imgs/favicons/def-img.png",
        "description": "Lorem ipsum dolor sit!"
    },
    {
        "id": 14,
        "name": "Dýně",
        "available": true,
        "subcategoryId": 16,
        "price": 50.00,
        "discount": 5,
        "supplier": "PumpkinPatch",
        "stock": 60,
        "imagePath": "/imgs/products/dyne.png",
        "description": "Lorem ipsum dolor sit!"
    },
    {
        "id": 15,
        "name": "Gouda",
        "available": true,
        "subcategoryId": 17,
        "price": 100.00,
        "discount": 0,
        "supplier": "DairyFarm",
        "stock": 70,
        "imagePath": "/imgs/favicons/def-img.png",
        "description": "Lorem ipsum dolor sit!"
    },
    {
        "id": 16,
        "name": "Jogurt",
        "available": true,
        "subcategoryId": 18,
        "price": 25.00,
        "discount": 10,
        "supplier": "DairyDelights",
        "stock": 200,
        "imagePath": "/imgs/products/jogurt.png",
        "description": "Lorem ipsum dolor sit!"
    },
    {
        "id": 17,
        "name": "Mléko",
        "available": true,
        "subcategoryId": 19,
        "price": 22.00,
        "discount": 0,
        "supplier": "MilkFarm",
        "stock": 180,
        "imagePath": "/imgs/favicons/def-img.png",
        "description": "Lorem ipsum dolor sit!"
    },
    {
        "id": 18,
        "name": "Vejce",
        "available": true,
        "subcategoryId": 20,
        "price": 35.00,
        "discount": 0,
        "supplier": "EggFarm",
        "stock": 150,
        "imagePath": "/imgs/favicons/def-img.png",
        "description": "Lorem ipsum dolor sit!"
    },
    {
        "id": 19,
        "name": "Máslo",
        "available": true,
        "subcategoryId": 21,
        "price": 45.00,
        "discount": 0,
        "supplier": "ButterFarm",
        "stock": 120,
        "imagePath": "/imgs/favicons/def-img.png",
        "description": "Lorem ipsum dolor sit!"
    },
    {
        "id": 20,
        "name": "Smetana",
        "available": true,
        "subcategoryId": 22,
        "price": 30.00,
        "discount": 0,
        "supplier": "Creamery",
        "stock": 90,
        "imagePath": "/imgs/favicons/def-img.png",
        "description": "Lorem ipsum dolor sit!"
    },
    {
        "id": 21,
        "name": "Majonéza",
        "available": true,
        "subcategoryId": 23,
        "price": 40.00,
        "discount": 0,
        "supplier": "CondimentCo",
        "stock": 150,
        "imagePath": "/imgs/favicons/def-img.png",
        "description": "Lorem ipsum dolor sit!"
    },
    {
        "id": 22,
        "name": "Kuřecí prsa",
        "available": true,
        "subcategoryId": 24,
        "price": 150.00,
        "discount": 0,
        "supplier": "PoultryFarm",
        "stock": 80,
        "imagePath": "/imgs/favicons/def-img.png",
        "description": "Lorem ipsum dolor sit!"
    },
    {
        "id": 23,
        "name": "Hovězí steak",
        "available": true,
        "subcategoryId": 25,
        "price": 250.00,
        "discount": 5,
        "supplier": "BeefFarm",
        "stock": 50,
        "imagePath": "/imgs/favicons/def-img.png",
        "description": "Lorem ipsum dolor sit!"
    },
    {
        "id": 24,
        "name": "Losos",
        "available": true,
        "subcategoryId": 26,
        "price": 300.00,
        "discount": 10,
        "supplier": "Fishery",
        "stock": 40,
        "imagePath": "/imgs/favicons/def-img.png",
        "description": "Lorem ipsum dolor sit!"
    },
    {
        "id": 25,
        "name": "Vepřová kotleta",
        "available": true,
        "subcategoryId": 27,
        "price": 180.00,
        "discount": 5,
        "supplier": "PorkFarm",
        "stock": 70,
        "imagePath": "/imgs/favicons/def-img.png",
        "description": "Lorem ipsum dolor sit!"
    },
    {
        "id": 26,
        "name": "BIO kuře",
        "available": true,
        "subcategoryId": 28,
        "price": 200.00,
        "discount": 0,
        "supplier": "BioFarm",
        "stock": 60,
        "imagePath": "/imgs/favicons/def-img.png",
        "description": "Lorem ipsum dolor sit!"
    },
    {
        "id": 27,
        "name": "Grilovací směs",
        "available": true,
        "subcategoryId": 29,
        "price": 250.00,
        "discount": 5,
        "supplier": "GrillMasters",
        "stock": 80,
        "imagePath": "/imgs/favicons/def-img.png",
        "description": "Lorem ipsum dolor sit!"
    },
    {
        "id": 28,
        "name": "Zvěřina",
        "available": true,
        "subcategoryId": 30,
        "price": 400.00,
        "discount": 10,
        "supplier": "WildGame",
        "stock": 30,
        "imagePath": "/imgs/favicons/def-img.png",
        "description": "Lorem ipsum dolor sit!"
    },
    {
        "id": 29,
        "name": "Chléb",
        "available": true,
        "subcategoryId": 31,
        "price": 35.00,
        "discount": 0,
        "supplier": "Bakery",
        "stock": 100,
        "imagePath": "/imgs/favicons/def-img.png",
        "description": "Lorem ipsum dolor sit!"
    },
    {
        "id": 30,
        "name": "Slané pečivo",
        "available": true,
        "subcategoryId": 32,
        "price": 20.00,
        "discount": 0,
        "supplier": "SnackBakery",
        "stock": 150,
        "imagePath": "/imgs/favicons/def-img.png",
        "description": "Lorem ipsum dolor sit!"
    },
    {
        "id": 31,
        "name": "Koláč",
        "available": true,
        "subcategoryId": 33,
        "price": 50.00,
        "discount": 0,
        "supplier": "SweetBakery",
        "stock": 80,
        "imagePath": "/imgs/favicons/def-img.png",
        "description": "Lorem ipsum dolor sit!"
    },
    {
        "id": 32,
        "name": "Čokoládový dort",
        "available": true,
        "subcategoryId": 34,
        "price": 120.00,
        "discount": 5,
        "supplier": "CakeShop",
        "stock": 40,
        "imagePath": "/imgs/favicons/def-img.png",
        "description": "Lorem ipsum dolor sit!"
    },
    {
        "id": 33,
        "name": "Pita chléb",
        "available": true,
        "subcategoryId": 35,
        "price": 25.00,
        "discount": 0,
        "supplier": "FlatbreadBakery",
        "stock": 110,
        "imagePath": "/imgs/favicons/def-img.png",
        "description": "Lorem ipsum dolor sit!"
    },
    {
        "id": 34,
        "name": "Strouhanka",
        "available": true,
        "subcategoryId": 37,
        "price": 15.00,
        "discount": 0,
        "supplier": "BreadingCo",
        "stock": 100,
        "imagePath": "/imgs/favicons/def-img.png",
        "description": "Lorem ipsum dolor sit!"
    },
    {
        "id": 35,
        "name": "Bezlepkový chléb",
        "available": true,
        "subcategoryId": 38,
        "price": 70.00,
        "discount": 5,
        "supplier": "GlutenFreeBakery",
        "stock": 60,
        "imagePath": "/imgs/favicons/def-img.png",
        "description": "Lorem ipsum dolor sit!"
    },
    {
        "id": 36,
        "name": "Šunka",
        "available": true,
        "subcategoryId": 39,
        "price": 120.00,
        "discount": 0,
        "supplier": "DeliMeat",
        "stock": 80,
        "imagePath": "/imgs/favicons/def-img.png",
        "description": "Lorem ipsum dolor sit!"
    },
    {
        "id": 37,
        "name": "Klobásy",
        "available": true,
        "subcategoryId": 40,
        "price": 90.00,
        "discount": 5,
        "supplier": "SausageFactory",
        "stock": 70,
        "imagePath": "/imgs/favicons/def-img.png",
        "description": "Lorem ipsum dolor sit!"
    },
    {
        "id": 38,
        "name": "Instantní nudle",
        "available": true,
        "subcategoryId": 41,
        "price": 15.00,
        "discount": 0,
        "supplier": "InstantFoodCo",
        "stock": 200,
        "imagePath": "/imgs/favicons/def-img.png",
        "description": "Lorem ipsum dolor sit!"
    },
    {
        "id": 39,
        "name": "Jitrnice",
        "available": true,
        "subcategoryId": 42,
        "price": 200.00,
        "discount": 10,
        "supplier": "TraditionalMeats",
        "stock": 50,
        "imagePath": "/imgs/favicons/def-img.png",
        "description": "Lorem ipsum dolor sit!"
    },
    {
        "id": 40,
        "name": "Salám",
        "available": true,
        "subcategoryId": 43,
        "price": 110.00,
        "discount": 0,
        "supplier": "SausageCo",
        "stock": 80,
        "imagePath": "/imgs/favicons/def-img.png",
        "description": "Lorem ipsum dolor sit!"
    },
    {
        "id": 41,
        "name": "Paštika",
        "available": true,
        "subcategoryId": 44,
        "price": 90.00,
        "discount": 0,
        "supplier": "PâtéHouse",
        "stock": 70,
        "imagePath": "/imgs/favicons/def-img.png",
        "description": "Lorem ipsum dolor sit!"
    },
    {
        "id": 42,
        "name": "Pesto",
        "available": true,
        "subcategoryId": 45,
        "price": 80.00,
        "discount": 0,
        "supplier": "PestoCo",
        "stock": 60,
        "imagePath": "/imgs/favicons/def-img.png",
        "description": "Lorem ipsum dolor sit!"
    },
    {
        "id": 43,
        "name": "Lahůdky",
        "available": true,
        "subcategoryId": 46,
        "price": 150.00,
        "discount": 5,
        "supplier": "DeliGoods",
        "stock": 30,
        "imagePath": "/imgs/favicons/def-img.png",
        "description": "Lorem ipsum dolor sit!"
    },
    {
        "id": 44,
        "name": "Zmrzlina",
        "available": true,
        "subcategoryId": 47,
        "price": 60.00,
        "discount": 0,
        "supplier": "IceCreamShop",
        "stock": 100,
        "imagePath": "/imgs/favicons/def-img.png",
        "description": "Lorem ipsum dolor sit!"
    },
    {
        "id": 45,
        "name": "Ovoce",
        "available": true,
        "subcategoryId": 48,
        "price": 25.00,
        "discount": 0,
        "supplier": "FruitCo",
        "stock": 120,
        "imagePath": "/imgs/favicons/def-img.png",
        "description": "Lorem ipsum dolor sit!"
    },
    {
        "id": 46,
        "name": "Pizza",
        "available": true,
        "subcategoryId": 51,
        "price": 120.00,
        "discount": 5,
        "supplier": "PizzaPlace",
        "stock": 80,
        "imagePath": "/imgs/favicons/def-img.png",
        "description": "Lorem ipsum dolor sit!"
    },
    {
        "id": 47,
        "name": "Bramborové hranolky",
        "available": true,
        "subcategoryId": 52,
        "price": 40.00,
        "discount": 0,
        "supplier": "FryHouse",
        "stock": 150,
        "imagePath": "/imgs/favicons/def-img.png",
        "description": "Lorem ipsum dolor sit!"
    },
    {
        "id": 48,
        "name": "Buchta",
        "available": true,
        "subcategoryId": 53,
        "price": 55.00,
        "discount": 0,
        "supplier": "CakeBakery",
        "stock": 90,
        "imagePath": "/imgs/favicons/def-img.png",
        "description": "Lorem ipsum dolor sit!"
    },
    {
        "id": 49,
        "name": "Kuřecí maso",
        "available": true,
        "subcategoryId": 54,
        "price": 140.00,
        "discount": 0,
        "supplier": "PoultryFarm",
        "stock": 100,
        "imagePath": "/imgs/favicons/def-img.png",
        "description": "Lorem ipsum dolor sit!"
    },
    {
        "id": 50,
        "name": "Ořechy",
        "available": true,
        "subcategoryId": 55,
        "price": 200.00,
        "discount": 0,
        "supplier": "NutCo",
        "stock": 60,
        "imagePath": "/imgs/favicons/def-img.png",
        "description": "Lorem ipsum dolor sit!"
    },
    {
        "id": 51,
        "name": "Olive oil",
        "available": true,
        "subcategoryId": 56,
        "price": 150.00,
        "discount": 0,
        "supplier": "OliveFarm",
        "stock": 90,
        "imagePath": "/imgs/favicons/def-img.png",
        "description": "Lorem ipsum dolor sit!"
    },
    {
        "id": 52,
        "name": "Ketchup",
        "available": true,
        "subcategoryId": 57,
        "price": 40.00,
        "discount": 0,
        "supplier": "SauceCo",
        "stock": 100,
        "imagePath": "/imgs/favicons/def-img.png",
        "description": "Lorem ipsum dolor sit!"
    },
    {
        "id": 53,
        "name": "Konzervy",
        "available": true,
        "subcategoryId": 58,
        "price": 25.00,
        "discount": 0,
        "supplier": "CannedGoodsCo",
        "stock": 80,
        "imagePath": "/imgs/favicons/def-img.png",
        "description": "Lorem ipsum dolor sit!"
    },
    {
        "id": 54,
        "name": "Čokoláda",
        "available": true,
        "subcategoryId": 59,
        "price": 45.00,
        "discount": 0,
        "supplier": "ChocolateFactory",
        "stock": 120,
        "imagePath": "/imgs/favicons/def-img.png",
        "description": "Lorem ipsum dolor sit!"
    },
    {
        "id": 55,
        "name": "Těstoviny",
        "available": true,
        "subcategoryId": 60,
        "price": 30.00,
        "discount": 0,
        "supplier": "PastaCo",
        "stock": 150,
        "imagePath": "/imgs/favicons/def-img.png",
        "description": "Lorem ipsum dolor sit!"
    },
    {
        "id": 56,
        "name": "Cukr",
        "available": true,
        "subcategoryId": 61,
        "price": 20.00,
        "discount": 0,
        "supplier": "SugarCo",
        "stock": 200,
        "imagePath": "/imgs/favicons/def-img.png",
        "description": "Lorem ipsum dolor sit!"
    },
    {
        "id": 57,
        "name": "Sůl",
        "available": true,
        "subcategoryId": 62,
        "price": 10.00,
        "discount": 0,
        "supplier": "SaltCo",
        "stock": 220,
        "imagePath": "/imgs/favicons/def-img.png",
        "description": "Lorem ipsum dolor sit!"
    },
    {
        "id": 58,
        "name": "Koření",
        "available": true,
        "subcategoryId": 63,
        "price": 35.00,
        "discount": 0,
        "supplier": "SpiceCo",
        "stock": 90,
        "imagePath": "/imgs/favicons/def-img.png",
        "description": "Lorem ipsum dolor sit!"
    },
    {
        "id": 59,
        "name": "Olivy",
        "available": true,
        "subcategoryId": 64,
        "price": 55.00,
        "discount": 0,
        "supplier": "OliveCo",
        "stock": 80,
        "imagePath": "/imgs/favicons/def-img.png",
        "description": "Lorem ipsum dolor sit!"
    },
    {
        "id": 60,
        "name": "Marmeláda",
        "available": true,
        "subcategoryId": 65,
        "price": 30.00,
        "discount": 0,
        "supplier": "JamFactory",
        "stock": 100,
        "imagePath": "/imgs/favicons/def-img.png",
        "description": "Lorem ipsum dolor sit!"
    },
    {
        "id": 61,
        "name": "Pohanka",
        "available": true,
        "subcategoryId": 66,
        "price": 40.00,
        "discount": 0,
        "supplier": "BuckwheatCo",
        "stock": 60,
        "imagePath": "/imgs/favicons/def-img.png",
        "description": "Lorem ipsum dolor sit!"
    },
    {
        "id": 62,
        "name": "Rýže",
        "available": true,
        "subcategoryId": 67,
        "price": 20.00,
        "discount": 0,
        "supplier": "RiceFarm",
        "stock": 150,
        "imagePath": "/imgs/favicons/def-img.png",
        "description": "Lorem ipsum dolor sit!"
    },
    {
        "id": 63,
        "name": "Kukuřice",
        "available": true,
        "subcategoryId": 68,
        "price": 15.00,
        "discount": 0,
        "supplier": "CornFarm",
        "stock": 140,
        "imagePath": "/imgs/favicons/def-img.png",
        "description": "Lorem ipsum dolor sit!"
    },
    {
        "id": 64,
        "name": "Fazole",
        "available": true,
        "subcategoryId": 69,
        "price": 35.00,
        "discount": 0,
        "supplier": "BeanFarm",
        "stock": 80,
        "imagePath": "/imgs/favicons/def-img.png",
        "description": "Lorem ipsum dolor sit!"
    },
    {
        "id": 65,
        "name": "Čočka",
        "available": true,
        "subcategoryId": 70,
        "price": 30.00,
        "discount": 0,
        "supplier": "LentilFarm",
        "stock": 90,
        "imagePath": "/imgs/favicons/def-img.png",
        "description": "Lorem ipsum dolor sit!"
    },
    {
        "id": 66,
        "name": "Tofu",
        "available": true,
        "subcategoryId": 71,
        "price": 80.00,
        "discount": 0,
        "supplier": "TofuCo",
        "stock": 60,
        "imagePath": "/imgs/favicons/def-img.png",
        "description": "Lorem ipsum dolor sit!"
    },
    {
        "id": 67,
        "name": "Tempeh",
        "available": true,
        "subcategoryId": 72,
        "price": 100.00,
        "discount": 0,
        "supplier": "TempehCo",
        "stock": 50,
        "imagePath": "/imgs/favicons/def-img.png",
        "description": "Lorem ipsum dolor sit!"
    },
    {
        "id": 68,
        "name": "Seitan",
        "available": true,
        "subcategoryId": 73,
        "price": 90.00,
        "discount": 0,
        "supplier": "SeitanCo",
        "stock": 40,
        "imagePath": "/imgs/favicons/def-img.png",
        "description": "Lorem ipsum dolor sit!"
    },
    {
        "id": 69,
        "name": "Mandle",
        "available": true,
        "subcategoryId": 74,
        "price": 200.00,
        "discount": 0,
        "supplier": "AlmondCo",
        "stock": 30,
        "imagePath": "/imgs/favicons/def-img.png",
        "description": "Lorem ipsum dolor sit!"
    },
    {
        "id": 70,
        "name": "Kokos",
        "available": true,
        "subcategoryId": 75,
        "price": 150.00,
        "discount": 0,
        "supplier": "CoconutCo",
        "stock": 40,
        "imagePath": "/imgs/favicons/def-img.png",
        "description": "Lorem ipsum dolor sit!"
    }
]