[
  {"id": 1, "name": "Banány a exotické ovoce", "url": "banany_a_exoticke_ovoce", "available": true, "imagePath": "/imgs/favicons/def-img.png"},
  {"id": 2, "name": "Citrusy", "url": "citrusy", "available": true, "imagePath": "/imgs/favicons/def-img.png"},
  {"id": 3, "name": "Jablka a hrušky", "url": "jablka_a_hrusky", "available": true, "imagePath": "/imgs/favicons/def-img.png"},
  {"id": 4, "name": "Hrozny a melouny", "url": "hrozny_a_melouny", "available": true, "imagePath": "/imgs/favicons/def-img.png"},
  {"id": 5, "name": "Jahody a lesní plody", "url": "jahody_a_lesni_plody", "available": true, "imagePath": "/imgs/favicons/def-img.png"},
  {"id": 6, "name": "Peckoviny a bobuloviny", "url": "peckoviny_a_bobuloviny", "available": true, "imagePath": "/imgs/favicons/def-img.png"},
  {"id": 7, "name": "Ořechy a kaštany", "url": "orechy_a_kastany", "available": true, "imagePath": "/imgs/favicons/def-img.png"},
  {"id": 8, "name": "Rajčata", "url": "rajcata", "available": true, "imagePath": "/imgs/favicons/def-img.png"},
  {"id": 9, "name": "Kořenová zelenina", "url": "korenova_zelenina", "available": true, "imagePath": "/imgs/favicons/def-img.png"},
  {"id": 10, "name": "Okurky, cukety a lilky", "url": "okurky_cukety_a_lilky", "available": true, "imagePath": "/imgs/favicons/def-img.png"},
  {"id": 11, "name": "Cibule, česnek a pórek", "url": "cibule_cesnek_a_porek", "available": true, "imagePath": "/imgs/favicons/def-img.png"},
  {"id": 13, "name": "Brambory", "url": "brambory", "available": true, "imagePath": "/imgs/favicons/def-img.png"},
  {"id": 14, "name": "Saláty", "url": "salaty", "available": true, "imagePath": "/imgs/favicons/def-img.png"},
  {"id": 15, "name": "Ostatní zelenina", "url": "ostatní_zelenina", "available": true, "imagePath": "/imgs/favicons/def-img.png"},
  {"id": 16, "name": "Dýně a tykve", "url": "dyne_a_tykve", "available": true, "imagePath": "/imgs/favicons/def-img.png"},
  {"id": 17, "name": "Sýry", "url": "syry", "available": true, "imagePath": "/imgs/favicons/def-img.png"},
  {"id": 18, "name": "Jogurty a mléčné dezerty", "url": "jogurty_a_mlecne_dezerty", "available": true, "imagePath": "/imgs/favicons/def-img.png"},
  {"id": 19, "name": "Mléko a mléčné nápoje", "url": "mleko_a_mlecne_napoje", "available": true, "imagePath": "/imgs/favicons/def-img.png"},
  {"id": 20, "name": "Vejce a droždí", "url": "vejce_a_drozdi", "available": true, "imagePath": "/imgs/favicons/def-img.png"},
  {"id": 21, "name": "Máslo, tuky a margaríny", "url": "maslo_tuky_a_margariny", "available": true, "imagePath": "/imgs/favicons/def-img.png"},
  {"id": 22, "name": "Smetany, šlehačky a tvarohy", "url": "smetany_slehacky_a_tvarohy", "available": true, "imagePath": "/imgs/favicons/def-img.png"},
  {"id": 23, "name": "Majonézy, tatarské omáčky a dresingy", "url": "majonezy_tatarske_omacky_a_dresingy", "available": true, "imagePath": "/imgs/favicons/def-img.png"},
  {"id": 24, "name": "Drůbež", "url": "drubez", "available": true, "imagePath": "/imgs/favicons/def-img.png"},
  {"id": 25, "name": "Hovězí a telecí", "url": "hovezi_a_teleci", "available": true, "imagePath": "/imgs/favicons/def-img.png"},
  {"id": 26, "name": "Ryby a mořské plody", "url": "ryby_a_morske_plody", "available": true, "imagePath": "/imgs/favicons/def-img.png"},
  {"id": 27, "name": "Vepřové", "url": "veprove", "available": true, "imagePath": "/imgs/favicons/def-img.png"},
  {"id": 28, "name": "BIO maso a ryby", "url": "bio_maso_a_ryby", "available": true, "imagePath": "/imgs/favicons/def-img.png"},
  {"id": 29, "name": "Maso na gril, steaky a burgery", "url": "maso_na_gril_steaky_a_burgery", "available": true, "imagePath": "/imgs/favicons/def-img.png"},
  {"id": 30, "name": "Zvěřina, jehněčí, králičí a speciality", "url": "zverina_jehneci_kralici_a_speciality", "available": true, "imagePath": "/imgs/favicons/def-img.png"},
  {"id": 31, "name": "Chléb", "url": "chleb", "available": true, "imagePath": "/imgs/favicons/def-img.png"},
  {"id": 32, "name": "Slané pečivo", "url": "slane_pecivo", "available": true, "imagePath": "/imgs/favicons/def-img.png"},
  {"id": 33, "name": "Sladké pečivo", "url": "sladke_pecivo", "available": true, "imagePath": "/imgs/favicons/def-img.png"},
  {"id": 34, "name": "Dorty a zákusky", "url": "dorty_a_zakusky", "available": true, "imagePath": "/imgs/favicons/def-img.png"},
  {"id": 35, "name": "Tortilly a pita chleby", "url": "tortilly_a_pita_chleby", "available": true, "imagePath": "/imgs/favicons/def-img.png"},
  {"id": 36, "name": "Racio a Knäckebrot", "url": "racio_a_knackebrot", "available": true, "imagePath": "/imgs/favicons/def-img.png"},
  {"id": 37, "name": "Pečicí směsi a strouhanka", "url": "pecici_smesi_a_strouhanka", "available": true, "imagePath": "/imgs/favicons/def-img.png"},
  {"id": 38, "name": "Bezlepková pekárna a cukrárna", "url": "bezlepkova_pekarna_a_cukrarna", "available": true, "imagePath": "/imgs/favicons/def-img.png"},
  {"id": 39, "name": "Šunky a slaniny", "url": "sunky_a_slaniny", "available": true, "imagePath": "/imgs/favicons/def-img.png"},
  {"id": 40, "name": "Párky, klobásy a špekáčky", "url": "parky_klobasy_a_spekacky", "available": true, "imagePath": "/imgs/favicons/def-img.png"},
  {"id": 41, "name": "Hotová jídla a přílohy", "url": "hotova_jidla_a_prilohy", "available": true, "imagePath": "/imgs/favicons/def-img.png"},
  {"id": 42, "name": "Zabijačkové speciality", "url": "zabijackove_speciality", "available": true, "imagePath": "/imgs/favicons/def-img.png"},
  {"id": 43, "name": "Salámy", "url": "salamy", "available": true, "imagePath": "/imgs/favicons/def-img.png"},
  {"id": 44, "name": "Paštiky a masné výrobky", "url": "pastiky_a_masne_vyrobky", "available": true, "imagePath": "/imgs/favicons/def-img.png"},
  {"id": 45, "name": "Saláty, pomazánky a pesta", "url": "salaty_pomazanky_a_pesta", "available": true, "imagePath": "/imgs/favicons/def-img.png"},
  {"id": 46, "name": "Lahůdky", "url": "lahudky", "available": true, "imagePath": "/imgs/favicons/def-img.png"},
  {"id": 47, "name": "Zmrzlina", "url": "zmrzlina", "available": true, "imagePath": "/imgs/favicons/def-img.png"},
  {"id": 48, "name": "Ovoce a zelenina", "url": "ovoce_a_zelenina", "available": true, "imagePath": "/imgs/favicons/def-img.png"},
  {"id": 49, "name": "Hotová jídla", "url": "hotova_jidla", "available": true, "imagePath": "/imgs/favicons/def-img.png"},
  {"id": 50, "name": "Ryby a mořské plody", "url": "ryby_a_morske_plody", "available": true, "imagePath": "/imgs/favicons/def-img.png"},
  {"id": 51, "name": "Pizza a masové koláče", "url": "pizza_a_masove_kolace", "available": true, "imagePath": "/imgs/favicons/def-img.png"},
  {"id": 52, "name": "Bramborové výrobky", "url": "bramborove_vyrobky", "available": true, "imagePath": "/imgs/favicons/def-img.png"},
  {"id": 53, "name": "Pečivo, dezerty a dorty", "url": "pecivo_dezerty_a_dorty", "available": true, "imagePath": "/imgs/favicons/def-img.png"},
  {"id": 54, "name": "Maso a drůbež", "url": "maso_a_drubez", "available": true, "imagePath": "/imgs/favicons/def-img.png"},
  {"id": 55, "name": "Slané, snacky a ořechy", "url": "slane_snacky_a_orechy", "available": true, "imagePath": "/imgs/favicons/def-img.png"},
  {"id": 56, "name": "Oleje a octy", "url": "oleje_a_octy", "available": true, "imagePath": "/imgs/favicons/def-img.png"},
  {"id": 57, "name": "Kečupy, hořčice a omáčky", "url": "kecupy_horcice_a_omacky", "available": true, "imagePath": "/imgs/favicons/def-img.png"},
  {"id": 58, "name": "Konzervy, hotovky a instantní pokrmy", "url": "konzervy_hotovky_a_instantni_pokrmy", "available": true, "imagePath": "/imgs/favicons/def-img.png"},
  {"id": 59, "name": "Sladkosti", "url": "sladkosti", "available": true, "imagePath": "/imgs/favicons/def-img.png"},
  {"id": 60, "name": "Rýže, těstoviny, luštěniny, soja", "url": "ryze_testoviny_lusteniny_soja", "available": true, "imagePath": "/imgs/favicons/def-img.png"},
  {"id": 61, "name": "Přísady na pečení", "url": "prisady_na_peceni", "available": true, "imagePath": "/imgs/favicons/def-img.png"},
  {"id": 62, "name": "Koření a ochucovadla", "url": "koreni_a_ochucovadla", "available": true, "imagePath": "/imgs/favicons/def-img.png"},
  {"id": 63, "name": "Müsli, cereálie, kaše a tyčinky", "url": "musli_cerealie_kase_a_tycinky", "available": true, "imagePath": "/imgs/favicons/def-img.png"},
  {"id": 64, "name": "Džemy, medy, oříškové krémy, sladké pomazánky a sirupy", "url": "dzemy_medy_oriskove_kremy_sladke_pomazanky_a_sirupy", "available": true, "imagePath": "/imgs/favicons/def-img.png"},
  {"id": 65, "name": "Vody a minerálky", "url": "vody_a_mineralky", "available": true, "imagePath": "/imgs/favicons/def-img.png"},
  {"id": 66, "name": "Horké nápoje", "url": "Horke_napoje", "available": true, "imagePath": "/imgs/favicons/def-img.png"},
  {"id": 67, "name": "Víno", "url": "vino", "available": true, "imagePath": "/imgs/favicons/def-img.png"},
  {"id": 68, "name": "Limonády a energy", "url": "limonady_a_energy", "available": true, "imagePath": "/imgs/favicons/def-img.png"},
  {"id": 69, "name": "Piva a cidery", "url": "piva_a_cidery", "available": true, "imagePath": "/imgs/favicons/def-img.png"},
  {"id": 70, "name": "Džusy, ovocné nápoje a sirupy", "url": "dzusy_ovocne_napoje_a_sirupy", "available": true, "imagePath": "/imgs/favicons/def-img.png"},
  {"id": 71, "name": "Lihoviny", "url": "lihoviny", "available": true, "imagePath": "/imgs/favicons/def-img.png"},
  {"id": 72, "name": "Dětské nápoje", "url": "detske_napoje", "available": true, "imagePath": "/imgs/favicons/def-img.png"},
  {"id": 73, "name": "Prací prostředky", "url": "praci_prostredky", "available": true, "imagePath": "/imgs/favicons/def-img.png"},
  {"id": 74, "name": "Papírová a vatová hygiena", "url": "papirova_a_vatova_hygiena", "available": true, "imagePath": "/imgs/favicons/def-img.png"},
  {"id": 75, "name": "Čisticí prostředky", "url": "cistici_prostredky", "available": true, "imagePath": "/imgs/favicons/def-img.png"},
  {"id": 76, "name": "Mytí nádobí", "url": "myti_nadobi", "available": true, "imagePath": "/imgs/favicons/def-img.png"},
  {"id": 77, "name": "Péče o tělo a pleť", "url": "pece_o_telo_a_plet", "available": true, "imagePath": "/imgs/favicons/def-img.png"},
  {"id": 78, "name": "Ústní hygiena", "url": "ustni_hygiena", "available": true, "imagePath": "/imgs/favicons/def-img.png"},
  {"id": 79, "name": "Dámské hygienické potřeby", "url": "damske_hygienicke_potreby", "available": true, "imagePath": "/imgs/favicons/def-img.png"},
  {"id": 80, "name": "Vlasová péče", "url": "vlasova_pece", "available": true, "imagePath": "/imgs/favicons/def-img.png"},
  {"id": 81, "name": "Kosmetické dárkové balíčky", "url": "kosmeticke_darkove_balicky", "available": true, "imagePath": "/imgs/favicons/def-img.png"},
  {"id": 82, "name": "Nádobí", "url": "nadobi", "available": true, "imagePath": "/imgs/favicons/def-img.png"},
  {"id": 83, "name": "Ubrousky", "url": "ubrousky", "available": true, "imagePath": "/imgs/favicons/def-img.png"},
  {"id": 84, "name": "Vaření", "url": "vareni", "available": true, "imagePath": "/imgs/favicons/def-img.png"},
  {"id": 85, "name": "Sodastream", "url": "sodastream", "available": true, "imagePath": "/imgs/favicons/def-img.png"},
  {"id": 86, "name": "Pečení", "url": "peceni", "available": true, "imagePath": "/imgs/favicons/def-img.png"},
  {"id": 87, "name": "Skladování a balení potravin", "url": "skladovani_a_baleni_potravin", "available": true, "imagePath": "/imgs/favicons/def-img.png"},
  {"id": 88, "name": "Utěrky, prostírání a další", "url": "uterky_prostiraní_a_dalsi", "available": true, "imagePath": "/imgs/favicons/def-img.png"},
  {"id": 89, "name": "Konvice, láhve a doplňky", "url": "konvice_lahve_a_doplnky", "available": true, "imagePath": "/imgs/favicons/def-img.png"},
  {"id": 90, "name": "Pastelky, fixy, vodovky a další", "url": "pastelky_fixy_vodovky_a_dalsi", "available": true, "imagePath": "/imgs/favicons/def-img.png"},
  {"id": 91, "name": "Výtvarné hračky a omalovánky", "url": "vytvarne_hracky_a_omalovanky", "available": true, "imagePath": "/imgs/favicons/def-img.png"},
  {"id": 92, "name": "Rýsovací potřeby", "url": "rysovaci_potreby", "available": true, "imagePath": "/imgs/favicons/def-img.png"},
  {"id": 93, "name": "Ostatní výtvarné potřeby", "url": "ostatni_vytvarne_potreby", "available": true, "imagePath": "/imgs/favicons/def-img.png"},
  {"id": 94, "name": "Kancelářské potřeby", "url": "kancelarske_potreby", "available": true, "imagePath": "/imgs/favicons/def-img.png"},
  {"id": 95, "name": "Psací potřeby a další", "url": "psaci_potreby_a_dalsi", "available": true, "imagePath": "/imgs/favicons/def-img.png"},
  {"id": 96, "name": "Notesy a sešity", "url": "notesy_a_sesity", "available": true, "imagePath": "/imgs/favicons/def-img.png"},
  {"id": 97, "name": "Výživa", "url": "Vyziva", "available": true, "imagePath": "/imgs/favicons/def-img.png"},
  {"id": 98, "name": "Pleny a ubrousky", "url": "pleny_a_ubrousky", "available": true, "imagePath": "/imgs/favicons/def-img.png"},
  {"id": 99, "name": "Pro maminky a těhotné", "url": "pro_maminky_a_tehotne", "available": true, "imagePath": "/imgs/favicons/def-img.png"},
  {"id": 100, "name": "Šetrné praní a mytí", "url": "setrne_prani_a_myti", "available": true, "imagePath": "/imgs/favicons/def-img.png"},
  {"id": 101, "name": "Dětské stolování a kojenecké potřeby", "url": "detske_stolovani_a_kojenecke_potreby", "available": true, "imagePath": "/imgs/favicons/def-img.png"},
  {"id": 102, "name": "Školní a výtvarné potřeby", "url": "skolni_a_vytvarne_potreby", "available": true, "imagePath": "/imgs/favicons/def-img.png"}
]