[
  { "id": 1, "name": "Ovoce a zelenina", "url": "ovoce_a_zelenina","available": true, "subcategory_ids": [1, 2, 3, 4, 5, 6, 7, 8, 9, 10, 11, 12, 13, 14, 15, 16] },
  { "id": 2, "name": "Mléčné a chlazené", "url": "mlecne_a_chlazene", "available": true, "subcategory_ids": [17, 18, 19, 20, 21, 22, 23] },
  { "id": 3, "name": "Maso a ryby", "url": "maso_a_ryby", "available": true, "subcategory_ids": [24, 25, 26, 27, 28, 29, 30] },
  { "id": 4, "name": "Pekárna a cukrárna", "url": "pekarna_a_cukrarna", "available": true, "subcategory_ids": [31, 32, 33, 34, 35, 36, 37, 38] },
  { "id": 5, "name": "Uzeniny a lahůdky", "url": "uzeniny_a_lahudky", "available": true, "subcategory_ids": [39, 40, 41, 42, 43, 44, 45, 46] },
  { "id": 6, "name": "Mražené", "url": "mrazene", "available": true, "subcategory_ids": [47, 48, 49, 50, 51, 52, 53, 54] },
  { "id": 7, "name": "Trvanlivé", "url": "trvanlive", "available": true, "subcategory_ids": [55, 56, 57, 58, 59, 60, 61, 62, 63, 64] },
  { "id": 8, "name": "Nápoje", "url": "napoje", "available": true, "subcategory_ids": [65, 66, 67, 68, 69, 70, 71, 72] },
  { "id": 9, "name": "Drogerie a kosmetika", "url": "drogerie_a_kosmetika", "available": true, "subcategory_ids": [73, 74, 75, 76, 77, 78, 79, 80, 81] },
  { "id": 10, "name": "Kuchyňské potřeby", "url": "kuchynske_potreby", "available": true, "subcategory_ids": [82, 83, 84, 85, 86, 87, 88, 89] },
  { "id": 11, "name": "Kancelář a papírnictví", "url": "kancelar_a_papirnictvi", "available": true, "subcategory_ids": [90, 91, 92, 93, 94, 95, 96] },
  { "id": 12, "name": "Děti", "url": "deti", "available": true, "subcategory_ids": [97, 98, 99, 100, 101, 102] }
]
